# 存储过程和触发器

## 存储过程

### 什么是存储过程

我们前面所学习的 MySQL 语句都是针对一个表或几个表的单条 SQL 语句，但是在数据库的实际操作中，经常会有需要多条 SQL 语句处理多个表才能完成的操作。

例如，为了确认学生能否毕业，需要同时查询学生档案表、成绩表和综合表，此时就需要使用多条 SQL 语句来针对这几个数据表完成处理要求。

存储过程是一组为了完成特定功能的 SQL 语句集合。使用存储过程的目的是将常用或复杂的工作预先用 SQL 语句写好并用一个指定名称存储起来，这个过程经编译和优化后存储在数据库服务器中，因此称为存储过程。当以后需要数据库提供与已定义好的存储过程的功能相同的服务时，只需调用“CALL存储过程名字”即可自动完成。

常用操作数据库的 SQL 语句在执行的时候需要先编译，然后执行。存储过程则采用另一种方式来执行 SQL 语句。

一个存储过程是一个可编程的函数，它在数据库中创建并保存，一般由 SQL 语句和一些特殊的控制结构组成。当希望在不同的应用程序或平台上执行相同的特定功能时，存储过程尤为合适。

MySQL 5.0 版本以前并不支持存储过程，这使 MySQL 在应用上大打折扣。MySQL 从 5.0 版本开始支持存储过程，既提高了数据库的处理速度，同时也提高了数据库编程的灵活性

存储过程是数据库中的一个重要功能，存储过程可以用来转换数据、数据迁移、制作报表，它类似于编程语言，一次执行成功，就可以随时被调用，完成指定的功能操作。

使用存储过程不仅可以提高数据库的访问效率，同时也可以提高数据库使用的安全性。

对于调用者来说，存储过程封装了 SQL 语句，调用者无需考虑逻辑功能的具体实现过程。只是简单调用即可，它可以被 Java 和 C# 等编程语言调用。

编写存储过程对开发者要求稍微高一些，但这并不影响存储过程的普遍使用，因为存储过程有如下优点：

#### 1) 封装性

通常完成一个逻辑功能需要多条 SQL 语句，而且各个语句之间很可能传递参数，所以，编写逻辑功能相对来说稍微复杂些，而存储过程可以把这些 SQL 语句包含到一个独立的单元中，使外界看不到复杂的 SQL 语句，只需要简单调用即可达到目的。并且数据库专业人员可以随时对存储过程进行修改，而不会影响到调用它的应用程序源代码。

#### 2) 可增强 SQL 语句的功能和灵活性

存储过程可以用流程控制语句编写，有很强的灵活性，可以完成复杂的判断和较复杂的运算。

#### 3) 可减少网络流量

由于存储过程是在服务器端运行的，且执行速度快，因此当客户计算机上调用该存储过程时，网络中传送的只是该调用语句，从而可降低网络负载。

#### 4) 高性能

当存储过程被成功编译后，就存储在数据库服务器里了，以后客户端可以直接调用，这样所有的 SQL 语句将从服务器执行，从而提高性能。但需要说明的是，存储过程不是越多越好，过多的使用存储过程反而影响系统性能。

#### 5) 提高数据库的安全性和数据的完整性

存储过程提高安全性的一个方案就是把它作为中间组件，存储过程里可以对某些表做相关操作，然后存储过程作为接口提供给外部程序。这样，外部程序无法直接操作数据库表，只能通过存储过程来操作对应的表，因此在一定程度上，安全性是可以得到提高的。

#### 6) 使数据独立

数据的独立可以达到解耦的效果，也就是说，程序可以调用存储过程，来替代执行多条的 SQL 语句。这种情况下，存储过程把数据同用户隔离开来，优点就是当数据表的结构改变时，调用表不用修改程序，只需要数据库管理者重新编写存储过程即可。

### 创建存储过程

[MySQL](http://c.biancheng.net/mysql/) 存储过程是一些 SQL 语句的集合，比如有时候我们可能需要一大串的 SQL 语句，或者说在编写 SQL 语句的过程中需要设置一些变量的值，这个时候我们就完全有必要编写一个存储过程。

编写存储过程并不是件简单的事情，但是使用存储过程可以简化操作，且减少冗余的操作步骤，同时，还可以减少操作过程中的失误，提高效率，因此应该尽可能的学会使用存储过程。

下面主要介绍如何创建存储过程。

可以使用 **CREATE PROCEDURE** 语句创建存储过程，语法格式如下：

CREATE PROCEDURE <过程名> ( [过程参数[,…] ] ) <过程体>
[过程参数[,…] ] 格式
[ IN | OUT | INOUT ] <参数名> <类型>

语法说明如下：

#### 1) 过程名

存储过程的名称，默认在当前数据库中创建。若需要在特定数据库中创建存储过程，则要在名称前面加上数据库的名称，即 db_name.sp_name。

需要注意的是，名称应当尽量避免选取与 MySQL 内置函数相同的名称，否则会发生错误。

#### 2) 过程参数

存储过程的参数列表。其中，`<参数名>`为参数名，`<类型>`为参数的类型（可以是任何有效的 MySQL 数据类型）。当有多个参数时，参数列表中彼此间用逗号分隔。存储过程可以没有参数（此时存储过程的名称后仍需加上一对括号），也可以有 1 个或多个参数。

MySQL 存储过程支持三种类型的参数，即输入参数、输出参数和输入/输出参数，分别用 IN、OUT 和 INOUT 三个关键字标识。其中，输入参数可以传递给一个存储过程，输出参数用于存储过程需要返回一个操作结果的情形，而输入/输出参数既可以充当输入参数也可以充当输出参数。

需要注意的是，参数的取名不要与数据表的列名相同，否则尽管不会返回出错信息，但是存储过程的 SQL 语句会将参数名看作列名，从而引发不可预知的结果。

#### 3) 过程体

存储过程的主体部分，也称为存储过程体，包含在过程调用的时候必须执行的 SQL 语句。这个部分以关键字 **BEGIN** 开始，以关键字 **END** 结束。若存储过程体中只有一条 SQL 语句，则可以省略 BEGIN-END 标志。

在存储过程的创建中，经常会用到一个十分重要的 MySQL 命令，即 DELIMITER 命令，特别是对于通过命令行的方式来操作 MySQL 数据库的使用者，更是要学会使用该命令。

在 MySQL 中，服务器处理 SQL 语句默认是以分号作为语句结束标志的。然而，在创建存储过程时，存储过程体可能包含有多条 SQL 语句，这些 SQL 语句如果仍以分号作为语句结束符，那么 MySQL 服务器在处理时会以遇到的第一条 SQL 语句结尾处的分号作为整个程序的结束符，而不再去处理存储过程体中后面的 SQL 语句，这样显然不行。

为解决以上问题，通常使用 **DELIMITER** 命令将结束命令修改为其他字符。语法格式如下：

DELIMITER $$

语法说明如下：

- $$ 是用户定义的结束符，通常这个符号可以是一些特殊的符号，如两个“?”或两个“￥”等。
- 当使用 DELIMITER 命令时，应该避免使用反斜杠“\”字符，因为它是 MySQL 的转义字符。


在 MySQL 命令行客户端输入如下 SQL 语句。

mysql > DELIMITER ??

成功执行这条 SQL 语句后，任何命令、语句或程序的结束标志就换为两个问号“??”了。

若希望换回默认的分号“;”作为结束标志，则在 MySQL 命令行客户端输入下列语句即可：

mysql > DELIMITER ;

注意：DELIMITER 和分号“;”之间一定要有一个空格。在创建存储过程时，必须具有 CREATE ROUTINE 权限。

#### 例 1

创建名称为 ShowStuScore 的存储过程，存储过程的作用是从学生成绩信息表中查询学生的成绩信息，输入的 SQL 语句和执行过程如下所示。

```
mysql> DELIMITER //
mysql> CREATE PROCEDURE ShowStuScore()
    -> BEGIN
    -> SELECT * FROM tb_students_score;
    -> END //
Query OK， 0 rows affected (0.09 sec)
```

结果显示 ShowStuScore 存储过程已经创建成功。

#### 例 2

创建名称为 GetScoreByStu 的存储过程，输入参数是学生姓名。存储过程的作用是通过输入的学生姓名从学生成绩信息表中查询指定学生的成绩信息，输入的 SQL 语句和执行过程如下所示。

```
mysql> DELIMITER //
mysql> CREATE PROCEDURE GetScoreByStu
    -> (IN name VARCHAR(30))
    -> BEGIN
    -> SELECT student_score FROM tb_students_score
    -> WHERE student_name=name;
    -> END //
Query OK, 0 rows affected (0.01 sec)
```

### 查看存储过程

创建好存储过程后，用户可以通过 SHOW STATUS 语句来查看存储过程的状态，也可以通过 SHOW CREATE 语句来查看存储过程的定义。本节主要讲解查看存储过程的状态和定义的方法。

#### 查看存储过程的状态

MySQL 中可以通过 SHOW STATUS 语句查看存储过程的状态，其基本语法形式如下：

SHOW PROCEDURE STATUS LIKE 存储过程名;

`LIKE 存储过程名`用来匹配存储过程的名称，LIKE 不能省略。

##### 实例 1

创建数据表 studentinfo，SQL 语句如下：

```
CREATE TABLE `studentinfo` (
    `ID` int(11) NOT NULL,
    `NAME` varchar(20) DEFAULT NULL,
    `SCORE` decimal(4,2) DEFAULT NULL,
    `SUBJECT` varchar(20) DEFAULT NULL,
    `TEACHER` varchar(20) DEFAULT NULL,
    PRIMARY KEY (`ID`)
);
```


向数据表 studentinfo 中插入数据，SQL 语句和执行结果如下：

```
mysql> INSERT INTO studentinfo(id,name,score) VALUES(1,"zhangsan",80),(2,"lisi","70");
Query OK, 2 rows affected (0.01 sec)
Records: 2  Duplicates: 0  Warnings: 0
```


创建存储过程 showstuscore，SQL 语句和运行结果如下：

```
mysql> DELIMITER //
mysql> CREATE PROCEDURE showstuscore()
    -> BEGIN
    -> SELECT id,name,score FROM studentinfo;
    -> END //
Query OK, 0 rows affected (0.07 sec)
```


下面查询名为 showstuscore 的存储过程的状态，SQL 语句和运行结果如下：

```
mysql> SHOW PROCEDURE STATUS LIKE 'showstuscore' \G
*************************** 1. row ***************************
                  Db: test
                Name: showstuscore
                Type: PROCEDURE
             Definer: root@localhost
            Modified: 2020-02-20 13:34:50
             Created: 2020-02-20 13:34:50
       Security_type: DEFINER
             Comment:
character_set_client: gbk
collation_connection: gbk_chinese_ci
  Database Collation: latin1_swedish_ci
1 row in set (0.01 sec)

mysql> SHOW PROCEDURE STATUS LIKE 'show%' \G
*************************** 1. row ***************************
                  Db: test
                Name: showstuscore
                Type: PROCEDURE
             Definer: root@localhost
            Modified: 2020-02-21 09:34:50
             Created: 2020-02-21 09:34:50
       Security_type: DEFINER
             Comment:
character_set_client: gbk
collation_connection: gbk_chinese_ci
  Database Collation: latin1_swedish_ci
1 row in set (0.00 sec)
```

查询结果显示了存储过程的创建时间、修改时间和字符集等信息。

#### 查看存储过程的定义

MySQL 中可以通过 SHOW CREATE 语句查看存储过程的状态，语法格式如下：

SHOW CREATE PROCEDURE 存储过程名;

##### 实例 2

下面使用 SHOW CREATE 查询名为 showstuscore 的存储过程的状态，SQL 语句和运行结果如下：

```
mysql> SHOW CREATE PROCEDURE showstuscore \G
*************************** 1. row ***************************
           Procedure: showstuscore
            sql_mode: STRICT_TRANS_TABLES,NO_AUTO_CREATE_USER,NO_ENGINE_SUBSTITUTION
    Create Procedure: CREATE DEFINER=`root`@`localhost` PROCEDURE `showstuscore`()
BEGIN
SELECT id,name,score FROM studentinfo;
END
character_set_client: gbk
collation_connection: gbk_chinese_ci
  Database Collation: latin1_swedish_ci
1 row in set (0.01 sec)
```

查询结果显示了存储过程的定义和字符集信息等。

SHOW STATUS 语句只能查看存储过程是操作的哪一个数据库、存储过程的名称、类型、谁定义的、创建和修改时间、字符编码等信息。但是，这个语句不能查询存储过程的集体定义，如果需要查看详细定义，需要使用 SHOW CREATE 语句。

#### 拓展阅读

存储过程的信息都存储在 information_schema 数据库下的 Routines 表中，可以通过查询该表的记录来查询存储过程的信息，SQL 语句如下：

SELECT * FROM information_schema.Routines WHERE ROUTINE_NAME=存储过程名;

在 information_schema 数据库下的 routines 表中，存储着所有存储过程的定义。所以，使用 SELECT 语句查询 routines 表中的存储过程和函数的定义时，一定要使用 routine_name 字段指定存储过程的名称，否则，将查询出所有的存储过程的定义。

### 修改存储过程

在实际开发过程中，业务需求修改的情况时有发生，所以修改 [MySQL](http://c.biancheng.net/mysql/) 中的存储过程是不可避免的。

MySQL 中通过 ALTER PROCEDURE 语句来修改存储过程。本节将详细讲解修改存储过程的方法。

MySQL 中修改存储过程的语法格式如下：

ALTER PROCEDURE 存储过程名 [ 特征 ... ]

`特征`指定了存储过程的特性，可能的取值有：

- CONTAINS SQL 表示子程序包含 SQL 语句，但不包含读或写数据的语句。
- NO SQL 表示子程序中不包含 SQL 语句。
- READS SQL DATA 表示子程序中包含读数据的语句。
- MODIFIES SQL DATA 表示子程序中包含写数据的语句。
- SQL SECURITY { DEFINER |INVOKER } 指明谁有权限来执行。
- DEFINER 表示只有定义者自己才能够执行。
- INVOKER 表示调用者可以执行。
- COMMENT 'string' 表示注释信息。

#### 实例 1

下面修改存储过程 showstuscore 的定义，将读写权限改为 MODIFIES SQL DATA，并指明调用者可以执行，代码如下：

```
mysql> ALTER PROCEDURE showstuscore MODIFIES SQL DATA SQL SECURITY INVOKER;
Query OK, 0 rows affected (0.01 sec)
```

执行代码，并查看修改后的信息，运行结果如下：

```
mysql> SHOW CREATE PROCEDURE showstuscore \G
*************************** 1. row ***************************
           Procedure: showstuscore
            sql_mode: STRICT_TRANS_TABLES,NO_AUTO_CREATE_USER,NO_ENGINE_SUBSTITUTION
    Create Procedure: CREATE DEFINER=`root`@`localhost` PROCEDURE `showstuscore`()
    MODIFIES SQL DATA
    SQL SECURITY INVOKER
BEGIN
SELECT id,name,score FROM studentinfo;
END
character_set_client: gbk
collation_connection: gbk_chinese_ci
  Database Collation: latin1_swedish_ci
1 row in set (0.00 sec)
```

结果显示，存储过程修改成功。从运行结果可以看到，访问数据的权限已经变成了 MODIFIES SQL DATA，安全类型也变成了 INVOKE。

提示：ALTER PROCEDURE 语句用于修改存储过程的某些特征。如果要修改存储过程的内容，可以先删除原存储过程，再以相同的命名创建新的存储过程；如果要修改存储过程的名称，可以先删除原存储过程，再以不同的命名创建新的存储过程。

### 删除存储过程

存储过程被创建后，就会一直保存在数据库服务器上，直至被删除。当 [MySQL](http://c.biancheng.net/mysql/) 数据库中存在废弃的存储过程时，我们需要将它从数据库中删除。

MySQL 中使用 DROP PROCEDURE 语句来删除数据库中已经存在的存储过程。语法格式如下：

DROP PROCEDURE [ IF EXISTS ] <过程名>

语法说明如下：

- 过程名：指定要删除的存储过程的名称。
- IF EXISTS：指定这个关键字，用于防止因删除不存在的存储过程而引发的错误。


注意：存储过程名称后面没有参数列表，也没有括号，在删除之前，必须确认该存储过程没有任何依赖关系，否则会导致其他与之关联的存储过程无法运行。

#### 实例 1

下面删除存储过程 ShowStuScore，SQL 语句和运行结果如下：

```
mysql> DROP PROCEDURE ShowStuScore;
Query OK, 0 rows affected (0.08 sec)
```

删除后，可以通过查询 information_schema 数据库下的 routines 表来确认上面的删除是否成功。SQL 语句和运行结果如下：

```
mysql> SELECT * FROM information_schema.routines WHERE routine_name='ShowStuScore';
Empty set (0.03 sec)
```

结果显示，没有查询出任何记录，说明存储过程 ShowStuScore 已经被删除了。

### 存储函数

存储函数和存储过程一样，都是在数据库中定义一些 SQL 语句的集合。存储函数可以通过 return 语句返回函数值，主要用于计算并返回一个值。而存储过程没有直接返回值，主要用于执行操作。

在 MySQL 中，使用 **CREATE FUNCTION** 语句来创建存储函数，其语法形式如下：

CREATE FUNCTION sp_name ([func_parameter[...]])
RETURNS type
[characteristic ...] routine_body

其中：

- sp_name 参数：表示存储函数的名称；
- func_parameter：表示存储函数的参数列表；
- RETURNS type：指定返回值的类型；
- characteristic 参数：指定存储函数的特性，该参数的取值与存储过程是一样的；
- routine_body 参数：表示 SQL 代码的内容，可以用 BEGIN...END 来标示 SQL 代码的开始和结束。


注意：在具体创建函数时，函数名不能与已经存在的函数名重名。除了上述要求外，推荐函数名命名（标识符）为 function_xxx 或者 func_xxx。

func_parameter 可以由多个参数组成，其中每个参数由参数名称和参数类型组成，其形式如下：

[IN | OUT | INOUT] param_name type;

其中：

- IN 表示输入参数，OUT 表示输出参数，INOUT 表示既可以输入也可以输出；
- param_name 参数是存储函数的参数名称；
- type 参数指定存储函数的参数类型，该类型可以是 MySQL 数据库的任意数据类型。

#### 例 1

使用 CREATE FUNCTION 创建查询 tb_student 表中某个学生姓名的函数，SQL 语句和执行过程如下：

```
mysql> USE test;
Database changed
mysql> DELIMITER //
mysql> CREATE FUNCTION func_student(id INT(11))
    -> RETURNS VARCHAR(20)
    -> COMMENT '查询某个学生的姓名'
    -> BEGIN
    -> RETURN(SELECT name FROM tb_student WHERE tb_student.id = id);
    -> END //
Query OK, 0 rows affected (0.10 sec)
mysql> DELIMITER ;
```

上述代码中，创建了 func_student 函数，该函数拥有一个类型为 INT(11) 的参数 id，返回值为 VARCHAR(20) 类型。SELECT 语句从 tb_student 表中查询 id 字段值等于所传入参数 id 值的记录，同时返回该条记录的 name 字段值。

创建函数与创建存储过程一样，需要通过命令 `DELIMITER //` 将 SQL 语句的结束符由“;”修改为“//”，最后通过命令 `DELIMITER ;` 将结束符号修改成 SQL 语句中默认的结束符号。

如果在存储函数中的 RETURN 语句返回一个类型不同于函数的 RETURNS 子句中指定类型的值，返回值将被强制为恰当的类型。比如，如果一个函数返回一个 ENUM 或 SET 值，但是 RETURN 语句返回一个整数，对于 SET 成员集的相应的 ENUM 成员，从函数返回的值是字符串。

#### 拓展阅读

由于存储函数和存储过程的查看、修改、删除等操作几乎相同，所以我们不再详细讲解如何操作存储函数了。

查看存储函数的语法如下：

SHOW FUNCTION STATUS LIKE 存储函数名;
SHOW CREATE FUNCTION 存储函数名;
SELECT * FROM information_schema.Routines WHERE ROUTINE_NAME=存储函数名;

可以发现，操作存储函数和操作存储过程不同的是将 PROCEDURE 替换成了 FUNCTION。同样，修改存储函数的语法如下：

ALTER FUNCTION 存储函数名 [ 特征 ... ]

存储函数的特征与存储过程的基本一样。

删除存储过程的语法如下：

DROP FUNCTION [ IF EXISTS ] <函数名>

### 调用存储过程和存储函数

存储过程和存储函数都是存储在服务器端的 SQL 语句集合。要想使用这些已经定义好的存储过程和存储函数就必须要通过调用的方式来实现。

存储过程通过 CALL 语句来调用，存储函数的使用方法与 MySQL 内部函数的使用方法相同。执行存储过程和存储函数需要拥有 EXECUTE 权限（EXECUTE 权限的信息存储在 information_schema 数据库下的 USER_PRIVILEGES 表中）。

本节主要讲解如何调用存储过程和存储函数。

#### 调用存储过程

MySQL 中使用 **CALL** 语句来调用存储过程。调用存储过程后，数据库系统将执行存储过程中的 SQL 语句，然后将结果返回给输出值。

CALL 语句接收存储过程的名字以及需要传递给它的任意参数，基本语法形式如下：

CALL sp_name([parameter[...]]);

其中，sp_name 表示存储过程的名称，parameter 表示存储过程的参数。

##### 例 1

下面调用《[MySQL创建存储过程](http://c.biancheng.net/view/2593.html)》一节中创建的存储过程，SQL 语句和执行过程如下：

```
mysql> DELIMITER ;
mysql> CALL ShowStuScore();
+--------------+---------------+
| student_name | student_score |
+--------------+---------------+
| Dany         |            90 |
| Green        |            99 |
| Henry        |            95 |
| Jane         |            98 |
| Jim          |            88 |
| John         |            94 |
| Lily         |           100 |
| Susan        |            96 |
| Thomas       |            93 |
| Tom          |            89 |
+--------------+---------------+
10 rows in set (0.00 sec)
Query OK, 0 rows affected (0.02 sec)

mysql> CALL GetScoreByStu('Green');
+---------------+
| student_score |
+---------------+
|            99 |
+---------------+
1 row in set (0.03 sec)
Query OK, 0 rows affected (0.03 sec)
```

因为存储过程实际上也是一种函数，所以存储过程名后需要有`( )`符号，即使不传递参数也需要。

#### 调用存储函数

在 MySQL 中，存储函数的使用方法与 MySQL 内部函数的使用方法是一样的。换言之，用户自己定义的存储函数与 MySQL 内部函数是一个性质的。区别在于，存储函数是用户自己定义的，而内部函数是 MySQL 开发者定义的。

##### 例 2

下面调用《[MySQL创建存储函数](http://c.biancheng.net/view/7838.html)》一节中创建的存储函数，SQL 语句和执行过程如下：

```
mysql> SELECT func_student(3);
+-----------------+
| func_student(3) |
+-----------------+
| 王五            |
+-----------------+
1 row in set (0.10 sec)
```

通过例 1 和例 2 的比较，可以看出虽然存储函数和存储过程的定义稍有不同，但它们都可以实现相同的功能，我们应该在实际应用中灵活选择。

## 触发器

### 什么是触发器

MySQL 的触发器和存储过程一样，都是嵌入到 MySQL 中的一段程序，是 MySQL 中管理数据的有力工具。不同的是执行存储过程要使用 CALL 语句来调用，而触发器的执行不需要使用 CALL 语句来调用，也不需要手工启动，而是通过对数据表的相关操作来触发、激活从而实现执行。比如当对 student 表进行操作（INSERT，DELETE 或 UPDATE）时就会激活它执行。

触发器与数据表关系密切，主要用于保护表中的数据。特别是当有多个表具有一定的相互联系的时候，触发器能够让不同的表保持数据的一致性。

在 MySQL 中，只有执行 INSERT、UPDATE 和 DELETE 操作时才能激活触发器，其它 SQL 语句则不会激活触发器。

那么为什么要使用触发器呢？比如，在实际开发项目时，我们经常会遇到以下情况：

- 在学生表中添加一条关于学生的记录时，学生的总数就必须同时改变。
- 增加一条学生记录时，需要检查年龄是否符合范围要求。
- 删除一条学生信息时，需要删除其成绩表上的对应记录。
- 删除一条数据时，需要在数据库存档表中保留一个备份副本。


虽然上述情况实现的业务逻辑不同，但是它们都需要在数据表发生更改时，自动进行一些处理。这时就可以使用触发器处理。例如，对于第一种情况，可以创建一个触发器对象，每当添加一条学生记录时，就执行一次计算学生总数的操作，这样就可以保证每次添加一条学生记录后，学生总数和学生记录数是一致的。

#### 触发器的优缺点

触发器的优点如下：

- 触发器的执行是自动的，当对触发器相关表的数据做出相应的修改后立即执行。
- 触发器可以实施比 FOREIGN KEY 约束、CHECK 约束更为复杂的检查和操作。
- 触发器可以实现表数据的级联更改，在一定程度上保证了数据的完整性。


触发器的缺点如下：

- 使用触发器实现的业务逻辑在出现问题时很难进行定位，特别是涉及到多个触发器的情况下，会使后期维护变得困难。
- 大量使用触发器容易导致代码结构被打乱，增加了程序的复杂性，
- 如果需要变动的数据量较大时，触发器的执行效率会非常低。

#### MySQL 支持的触发器

在实际使用中，MySQL 所支持的触发器有三种：INSERT 触发器、UPDATE 触发器和 DELETE 触发器。

##### 1) INSERT 触发器

在 INSERT 语句执行之前或之后响应的触发器。

使用 INSERT 触发器需要注意以下几点：

- 在 INSERT 触发器代码内，可引用一个名为 NEW（不区分大小写）的虚拟表来访问被插入的行。
- 在 BEFORE INSERT 触发器中，NEW 中的值也可以被更新，即允许更改被插入的值（只要具有对应的操作权限）。
- 对于 AUTO_INCREMENT 列，NEW 在 INSERT 执行之前包含的值是 0，在 INSERT 执行之后将包含新的自动生成值。

##### 2) UPDATE 触发器

在 UPDATE 语句执行之前或之后响应的触发器。

使用 UPDATE 触发器需要注意以下几点：

- 在 UPDATE 触发器代码内，可引用一个名为 NEW（不区分大小写）的虚拟表来访问更新的值。
- 在 UPDATE 触发器代码内，可引用一个名为 OLD（不区分大小写）的虚拟表来访问 UPDATE 语句执行前的值。
- 在 BEFORE UPDATE 触发器中，NEW 中的值可能也被更新，即允许更改将要用于 UPDATE 语句中的值（只要具有对应的操作权限）。
- OLD 中的值全部是只读的，不能被更新。


注意：当触发器设计对触发表自身的更新操作时，只能使用 BEFORE 类型的触发器，AFTER 类型的触发器将不被允许。

##### 3) DELETE 触发器

在 DELETE 语句执行之前或之后响应的触发器。

使用 DELETE 触发器需要注意以下几点：

- 在 DELETE 触发器代码内，可以引用一个名为 OLD（不区分大小写）的虚拟表来访问被删除的行。
- OLD 中的值全部是只读的，不能被更新。


总体来说，触发器使用的过程中，MySQL 会按照以下方式来处理错误。

对于事务性表，如果触发程序失败，以及由此导致的整个语句失败，那么该语句所执行的所有更改将回滚；对于非事务性表，则不能执行此类回滚，即使语句失败，失败之前所做的任何更改依然有效。

若 BEFORE 触发程序失败，则 MySQL 将不执行相应行上的操作。

若在 BEFORE 或 AFTER 触发程序的执行过程中出现错误，则将导致调用触发程序的整个语句失败。

仅当 BEFORE 触发程序和行操作均已被成功执行，MySQL 才会执行 AFTER 触发程序。

### 创建触发器

触发器是与 [MySQL](http://c.biancheng.net/mysql/) 数据表有关的数据库对象，在满足定义条件时触发，并执行触发器中定义的语句集合。触发器的这种特性可以协助应用在数据库端确保数据的完整性。

#### 基本语法

在 MySQL 5.7 中，可以使用 CREATE TRIGGER 语句创建触发器。

语法格式如下：

CREATE <触发器名> < BEFORE | AFTER >
<INSERT | UPDATE | DELETE >
ON <表名> FOR EACH Row<触发器主体>

语法说明如下。

##### 1) 触发器名

触发器的名称，触发器在当前数据库中必须具有唯一的名称。如果要在某个特定数据库中创建，名称前面应该加上数据库的名称。

##### 2) INSERT | UPDATE | DELETE

触发事件，用于指定激活触发器的语句的种类。

注意：三种触发器的执行时间如下。

- INSERT：将新行插入表时激活触发器。例如，INSERT 的 BEFORE 触发器不仅能被 MySQL 的 INSERT 语句激活，也能被 LOAD DATA 语句激活。
- DELETE： 从表中删除某一行数据时激活触发器，例如 DELETE 和 REPLACE 语句。
- UPDATE：更改表中某一行数据时激活触发器，例如 UPDATE 语句。

##### 3) BEFORE | AFTER

BEFORE 和 AFTER，触发器被触发的时刻，表示触发器是在激活它的语句之前或之后触发。若希望验证新数据是否满足条件，则使用 BEFORE 选项；若希望在激活触发器的语句执行之后完成几个或更多的改变，则通常使用 AFTER 选项。

##### 4) 表名

与触发器相关联的表名，此表必须是永久性表，不能将触发器与临时表或视图关联起来。在该表上触发事件发生时才会激活触发器。同一个表不能拥有两个具有相同触发时刻和事件的触发器。例如，对于一张数据表，不能同时有两个 BEFORE UPDATE 触发器，但可以有一个 BEFORE UPDATE 触发器和一个 BEFORE INSERT 触发器，或一个 BEFORE UPDATE 触发器和一个 AFTER UPDATE 触发器。

##### 5) 触发器主体

触发器动作主体，包含触发器激活时将要执行的 MySQL 语句。如果要执行多个语句，可使用 BEGIN…END 复合语句结构。

##### 6) FOR EACH ROW

一般是指行级触发，对于受触发事件影响的每一行都要激活触发器的动作。例如，使用 INSERT 语句向某个表中插入多行数据时，触发器会对每一行数据的插入都执行相应的触发器动作。

> 注意：每个表都支持 INSERT、UPDATE 和 DELETE 的 BEFORE 与 AFTER，因此每个表最多支持 6 个触发器。每个表的每个事件每次只允许有一个触发器。单一触发器不能与多个事件或多个表关联。

另外，在 MySQL 中，若需要查看数据库中已有的触发器，则可以使用 SHOW TRIGGERS 语句。

#### 创建 BEFORE 类型触发器

在 test_db 数据库中，数据表 tb_emp8 为员工信息表，包含 id、name、deptId 和 salary 字段，数据表 tb_emp8 的表结构如下所示。

```
mysql> SELECT * FROM tb_emp8;
Empty set (0.07 sec)
mysql> DESC tb_emp8;
+--------+-------------+------+-----+---------+-------+
| Field  | Type        | Null | Key | Default | Extra |
+--------+-------------+------+-----+---------+-------+
| id     | int(11)     | NO   | PRI | NULL    |       |
| name   | varchar(22) | YES  | UNI | NULL    |       |
| deptId | int(11)     | NO   | MUL | NULL    |       |
| salary | float       | YES  |     | 0       |       |
+--------+-------------+------+-----+---------+-------+
4 rows in set (0.05 sec)
```

【实例 1】创建一个名为 SumOfSalary 的触发器，触发的条件是向数据表 tb_emp8 中插入数据之前，对新插入的 salary 字段值进行求和计算。输入的 SQL 语句和执行过程如下所示。

```
mysql> CREATE TRIGGER SumOfSalary
    -> BEFORE INSERT ON tb_emp8
    -> FOR EACH ROW
    -> SET @sum=@sum+NEW.salary;
Query OK, 0 rows affected (0.35 sec)
```

触发器 SumOfSalary 创建完成之后，向表 tb_emp8 中插入记录时，定义的 sum 值由 0 变成了 1500，即插入值 1000 和 500 的和，如下所示。

```
SET @sum=0;
Query OK, 0 rows affected (0.05 sec)
mysql> INSERT INTO tb_emp8
    -> VALUES(1,'A',1,1000),(2,'B',1,500);
Query OK, 2 rows affected (0.09 sec)
Records: 2  Duplicates: 0  Warnings: 0
mysql> SELECT @sum;
+------+
| @sum |
+------+
| 1500 |
+------+
1 row in set (0.03 sec)
```

#### 创建 AFTER 类型触发器

在 test_db 数据库中，数据表 tb_emp6 和 tb_emp7 都为员工信息表，包含 id、name、deptId 和 salary 字段，数据表 tb_emp6 和 tb_emp7 的表结构如下所示。

```sql
mysql> SELECT * FROM tb_emp6;
Empty set (0.07 sec)
mysql> SELECT * FROM tb_emp7;
Empty set (0.03 sec)
mysql> DESC tb_emp6;
+--------+-------------+------+-----+---------+-------+
| Field  | Type        | Null | Key | Default | Extra |
+--------+-------------+------+-----+---------+-------+
| id     | int(11)     | NO   | PRI | NULL    |       |
| name   | varchar(25) | YES  |     | NULL    |       |
| deptId | int(11)     | YES  | MUL | NULL    |       |
| salary | float       | YES  |     | NULL    |       |
+--------+-------------+------+-----+---------+-------+
4 rows in set (0.00 sec)
mysql> DESC tb_emp7;
+--------+-------------+------+-----+---------+-------+
| Field  | Type        | Null | Key | Default | Extra |
+--------+-------------+------+-----+---------+-------+
| id     | int(11)     | NO   | PRI | NULL    |       |
| name   | varchar(25) | YES  |     | NULL    |       |
| deptId | int(11)     | YES  |     | NULL    |       |
| salary | float       | YES  |     | 0       |       |
+--------+-------------+------+-----+---------+-------+
4 rows in set (0.04 sec)
```

【实例 2】创建一个名为 double_salary 的触发器，触发的条件是向数据表 tb_emp6 中插入数据之后，再向数据表 tb_emp7 中插入相同的数据，并且 salary 为 tb_emp6 中新插入的 salary 字段值的 2 倍。输入的 SQL 语句和执行过程如下所示。

```
mysql> CREATE TRIGGER double_salary
    -> AFTER INSERT ON tb_emp6
    -> FOR EACH ROW
    -> INSERT INTO tb_emp7
    -> VALUES (NEW.id,NEW.name,deptId,2*NEW.salary);
Query OK, 0 rows affected (0.25 sec)
```

触发器 double_salary 创建完成之后，向表 tb_emp6 中插入记录时，同时向表 tb_emp7 中插入相同的记录，并且 salary 字段为 tb_emp6 中 salary 字段值的 2 倍，如下所示。

```
mysql> INSERT INTO tb_emp6
    -> VALUES (1,'A',1,1000),(2,'B',1,500);
Query OK, 2 rows affected (0.09 sec)
Records: 2  Duplicates: 0  Warnings: 0
mysql> SELECT * FROM tb_emp6;
+----+------+--------+--------+
| id | name | deptId | salary |
+----+------+--------+--------+
|  1 | A    |      1 |   1000 |
|  2 | B    |      1 |    500 |
+----+------+--------+--------+
3 rows in set (0.04 sec)
mysql> SELECT * FROM tb_emp7;
+----+------+--------+--------+
| id | name | deptId | salary |
+----+------+--------+--------+
|  1 | A    |      1 |   2000 |
|  2 | B    |      1 |   1000 |
+----+------+--------+--------+
2 rows in set (0.06 sec)
```

### 查看触发器

查看触发器是指查看数据库中已经存在的触发器的定义、状态和语法信息等。MySQL 中查看触发器的方法包括 SHOW TRIGGERS 语句和查询 information_schema 数据库下的 triggers 数据表等。本节将详细介绍这两种查看触发器的方法。

#### SHOW TRIGGERS语句查看触发器信息

在 MySQL 中，可以通过 SHOW TRIGGERS 语句来查看触发器的基本信息，语法格式如下：

SHOW TRIGGERS;

##### 示例 1

首先创建一个数据表 account，表中有两个字段，分别是 INT 类型的 accnum 和 DECIMAL 类型的 amount。SQL 语句和运行结果如下：

```
mysql> CREATE TABLE account(
    -> accnum INT(4),
    -> amount DECIMAL(10,2));
Query OK, 0 rows affected (0.49 sec)
```


创建一个名为 trigupdate 的触发器，每次 account 表更新数据之后都向 myevent 数据表中插入一条数据。创建数据表 myevent 的 SQL 语句和运行结果如下：

```
mysql> CREATE TABLE myevent(
    -> id INT(11) DEFAULT NULL,
    -> evtname CHAR(20) DEFAULT NULL);
Query OK, 0 rows affected (0.26 sec)
```


创建 trigupdate 触发器的 SQL 代码如下：

```
mysql> CREATE TRIGGER trigupdate AFTER UPDATE ON account
    -> FOR EACH ROW INSERT INTO myevent VALUES(1,'after update');
Query OK, 0 rows affected (0.15 sec)
```


使用 SHOW TRIGGERS 语句查看触发器（在 SHOW TRIGGERS 命令后添加`\G`，这样显示信息会比较有条理），SQL 语句和运行结果如下：

```
mysql> SHOW TRIGGERS \G
*************************** 1. row ***************************
             Trigger: trigupdate
               Event: UPDATE
               Table: account
           Statement: INSERT INTO myevent VALUES(1,'after update')
              Timing: AFTER
             Created: 2020-02-24 14:07:15.08
            sql_mode: STRICT_TRANS_TABLES,NO_AUTO_CREATE_USER,NO_ENGINE_SUBSTITUTION
             Definer: root@localhost
character_set_client: gbk
collation_connection: gbk_chinese_ci
  Database Collation: latin1_swedish_ci
1 row in set (0.09 sec)
```

由运行结果可以看到触发器的基本信息。对以上显示信息的说明如下：

- Trigger 表示触发器的名称，在这里触发器的名称为 trigupdate；
- Event 表示激活触发器的事件，这里的触发事件为更新操作 UPDATE；
- Table 表示激活触发器的操作对象表，这里为 account 表；
- Statement 表示触发器执行的操作，这里是向 myevent 数据表中插入一条数据；
- Timing 表示触发器触发的时间，这里为更新操作之后（AFTER）；
- 还有一些其他信息，比如触发器的创建时间、SQL 的模式、触发器的定义账户和字符集等，这里不再一一介绍。


SHOW TRIGGERS 语句用来查看当前创建的所有触发器的信息。因为该语句无法查询指定的触发器，所以在触发器较少的情况下，使用该语句会很方便。如果要查看特定触发器的信息或者数据库中触发器较多时，可以直接从 information_schema 数据库中的 triggers 数据表中查找。

#### 在triggers表中查看触发器信息

在 MySQL 中，所有触发器的信息都存在 information_schema 数据库的 triggers 表中，可以通过查询命令 SELECT 来查看，具体的语法如下：

SELECT * FROM information_schema.triggers WHERE trigger_name= '触发器名';

其中，`'触发器名'`用来指定要查看的触发器的名称，需要用单引号引起来。这种方式可以查询指定的触发器，使用起来更加方便、灵活。

##### 示例 2

下面使用 SELECT 命令查看 trigupdate 触发器，SQL 语句如下：

SELECT * FROM information_schema.triggers WHERE TRIGGER_NAME= 'trigupdate'\G

上述命令通过 WHERE 来指定需要查看的触发器的名称，运行结果如下：

```
mysql> SELECT * FROM information_schema.triggers WHERE TRIGGER_NAME= 'trigupdate'\G
*************************** 1. row ***************************
           TRIGGER_CATALOG: def
            TRIGGER_SCHEMA: test
              TRIGGER_NAME: trigupdate
        EVENT_MANIPULATION: UPDATE
      EVENT_OBJECT_CATALOG: def
       EVENT_OBJECT_SCHEMA: test
        EVENT_OBJECT_TABLE: account
              ACTION_ORDER: 1
          ACTION_CONDITION: NULL
          ACTION_STATEMENT: INSERT INTO myevent VALUES(1,'after update')
        ACTION_ORIENTATION: ROW
             ACTION_TIMING: AFTER
ACTION_REFERENCE_OLD_TABLE: NULL
ACTION_REFERENCE_NEW_TABLE: NULL
  ACTION_REFERENCE_OLD_ROW: OLD
  ACTION_REFERENCE_NEW_ROW: NEW
                   CREATED: 2020-02-24 16:07:15.08
                  SQL_MODE: STRICT_TRANS_TABLES,NO_AUTO_CREATE_USER,NO_ENGINE_SUBSTITUTION
                   DEFINER: root@localhost
      CHARACTER_SET_CLIENT: gbk
      COLLATION_CONNECTION: gbk_chinese_ci
        DATABASE_COLLATION: latin1_swedish_ci
1 row in set (0.22 sec)
```

由运行结果可以看到触发器的详细信息。对以上显示信息的说明如下：

- TRIGGER_SCHEMA 表示触发器所在的数据库；
- TRIGGER_NAME 表示触发器的名称；
- EVENT_OBJECT_TABLE 表示在哪个数据表上触发；
- ACTION_STATEMENT 表示触发器触发的时候执行的具体操作；
- ACTION_ORIENTATION 的值为 ROW，表示在每条记录上都触发；
- ACTION_TIMING 表示触发的时刻是 AFTER；
- 还有一些其他信息，比如触发器的创建时间、SQL 的模式、触发器的定义账户和字符集等，这里不再一一介绍。


上述 SQL 语句也可以不指定触发器名称，这样将查看所有的触发器，SQL 语句如下：

```sql
SELECT * FROM information_schema.triggers \G
```

这个语句会显示 triggers 数据表中所有的触发器信息。

### 修改和删除触发器

修改触发器可以通过删除原触发器，再以相同的名称创建新的触发器。

#### 基本语法

与其他 [MySQL](http://c.biancheng.net/mysql/) 数据库对象一样，可以使用 DROP 语句将触发器从数据库中删除。

语法格式如下：

DROP TRIGGER [ IF EXISTS ] [数据库名] <触发器名>

语法说明如下：

##### 1) 触发器名

要删除的触发器名称。

##### 2) 数据库名

可选项。指定触发器所在的数据库的名称。若没有指定，则为当前默认的数据库。

##### 3) 权限

执行 DROP TRIGGER 语句需要 SUPER 权限。

##### 4) IF EXISTS

可选项。避免在没有触发器的情况下删除触发器。

> 注意：删除一个表的同时，也会自动删除该表上的触发器。另外，触发器不能更新或覆盖，为了修改一个触发器，必须先删除它，再重新创建。

### 删除触发器

使用 DROP TRIGGER 语句可以删除 MySQL 中已经定义的触发器。

【实例】删除 double_salary 触发器，输入的 SQL 语句和执行过程如下所示。

```
mysql> DROP TRIGGER double_salary;
Query OK, 0 rows affected (0.03 sec)
```

删除 double_salary 触发器后，再次向数据表 tb_emp6 中插入记录时，数据表 tb_emp7 的数据不再发生变化，如下所示。

```
mysql> INSERT INTO tb_emp6
    -> VALUES (3,'C',1,200);
Query OK, 1 row affected (0.09 sec)
mysql> SELECT * FROM tb_emp6;
+----+------+--------+--------+
| id | name | deptId | salary |
+----+------+--------+--------+
|  1 | A    |      1 |   1000 |
|  2 | B    |      1 |    500 |
|  3 | C    |      1 |    200 |
+----+------+--------+--------+
3 rows in set (0.00 sec)
mysql> SELECT * FROM tb_emp7;
+----+------+--------+--------+
| id | name | deptId | salary |
+----+------+--------+--------+
|  1 | A    |      1 |   2000 |
|  2 | B    |      1 |   1000 |
+----+------+--------+--------+
2 rows in set (0.00 sec)
```